"idUsuario","nombre","precio","descripcion","foto"
"1","Chaqueta Vaquera","200.000"," Chaqueta Tipo Americana.","https://cdn-images.farfetch-contents.com/15/76/62/02/15766202_29845813_480.jpg"
"4","Chaqueta Vaquera",,"   Negra",
"12","Zapatilla","240.000","Zapatillas Deportivas","https://trcmnbco.s3.amazonaws.com/ml574sov_2.jpg"
"234","Zapatos De Vestir","600.000","Zapatos Para Deslumbrar","https://repunte.com/wp-content/uploads/2018/05/Botines.jpg"
"100","Gabardina","1.000.000","Gabardina Marron","https://media.revistagq.com/photos/5ca5f81cb7380802fe81937b/master/pass/gabardina_mac_trench_lluvia_"
"45","Camisa","400.000","Camisa Manga Larga","https://images-na.ssl-images-amazon.com/images/I/61Qgb0l6gPL._UX522_.jpg"
"13","Semibuzo","158.000","Semi-buzo Azul","https://ae01.alicdn.com/kf/HTB1ClpxqkKWBuNjy1zjq6AOypXa5/Liseaven-T-Shirt-Men-Cotton-T-Shirt-Full-Sl"
"7","Camisa","70.000","Camisa Formal","https://4.imimg.com/data4/FD/FX/MY-28053272/full-sleeve-formal-shirts-500x500.jpg"
"4","Chaqueta Vaquera","500.000","   Negra","https://trcmnbco.s3.amazonaws.com/mp01506bk_40.jpg"
"0","Sudadera","800.000","Sudadera Azul","https://trcmnbco.s3.amazonaws.com/mp01508ngo_40.jpg"
